"['ed', 'skinny', 'ana', 'thinspo', 'proana', 'pro ana']",['great meal and you look great']
"['ed', 'thinspo', 'skinny', 'ana', 'pro ana', 'proana']",['adorable']
"['ed', 'skinny', 'ana', 'thinspo', 'proana', 'pro ana']",['great meal and you look great']
"['ed', 'thinspo', 'skinny', 'ana', 'pro ana', 'proana']",['adorable']
"['ed', 'skinny', 'ana', 'thinspo', 'proana', 'pro ana']",['great meal and you look great']
"['ed', 'thinspo', 'skinny', 'ana', 'pro ana', 'proana']",['adorable']
"['ed', 'skinny', 'ana', 'thinspo', 'proana', 'pro ana']",['great meal and you look great']
"['ed', 'thinspo', 'skinny', 'ana', 'pro ana', 'proana']",['adorable']
"['ed', 'skinny', 'ana', 'thinspo', 'proana', 'pro ana']",['great meal and you look great']
"['ed', 'thinspo', 'skinny', 'ana', 'pro ana', 'proana']",['adorable']
"['ed', 'skinny', 'ana', 'thinspo', 'proana', 'pro ana']",['great meal and you look great']
"['ed', 'thinspo', 'skinny', 'ana', 'pro ana', 'proana']",['adorable']
"['ed', 'skinny', 'ana', 'thinspo', 'proana', 'pro ana']",['great meal and you look great']
"['ed', 'thinspo', 'skinny', 'ana', 'pro ana', 'proana']",['adorable']
"['ed', 'skinny', 'ana', 'thinspo', 'proana', 'pro ana']",['great meal and you look great']
"['ed', 'thinspo', 'skinny', 'ana', 'pro ana', 'proana']",['adorable']
"['ed', 'skinny', 'ana', 'thinspo', 'proana', 'pro ana']",['great meal and you look great']
"['ed', 'thinspo', 'skinny', 'ana', 'pro ana', 'proana']",['adorable']
"['ed', 'skinny', 'ana', 'thinspo', 'proana', 'pro ana']",['great meal and you look great']
"['ed', 'thinspo', 'skinny', 'ana', 'pro ana', 'proana']",['adorable']
"['ed', 'skinny', 'ana', 'thinspo', 'proana', 'pro ana']",['great meal and you look great']
"['ed', 'thinspo', 'skinny', 'ana', 'pro ana', 'proana']",['adorable']
"['ed', 'skinny', 'ana', 'thinspo', 'proana', 'pro ana']",['great meal and you look great']
"['ed', 'thinspo', 'skinny', 'ana', 'pro ana', 'proana']",['adorable']
"['ed', 'skinny', 'ana', 'thinspo', 'proana', 'pro ana']",['great meal and you look great']
"['ed', 'thinspo', 'skinny', 'ana', 'pro ana', 'proana']",['adorable']
"['ed', 'skinny', 'ana', 'thinspo', 'proana', 'pro ana']",['great meal and you look great']
"['ed', 'thinspo', 'skinny', 'ana', 'pro ana', 'proana']",['adorable']
"['ed', 'skinny', 'ana', 'thinspo', 'proana', 'pro ana']",['great meal and you look great']
"['ed', 'thinspo', 'skinny', 'ana', 'pro ana', 'proana']",['adorable']
"['ed', 'skinny', 'ana', 'thinspo', 'proana', 'pro ana']",['great meal and you look great']
"['ed', 'thinspo', 'skinny', 'ana', 'pro ana', 'proana']",['adorable']
"['ed', 'skinny', 'ana', 'thinspo', 'proana', 'pro ana']",['great meal and you look great']
"['ed', 'thinspo', 'skinny', 'ana', 'pro ana', 'proana']",['adorable']
"['ed', 'skinny', 'ana', 'thinspo', 'proana', 'pro ana']",['great meal and you look great']
"['ed', 'thinspo', 'skinny', 'ana', 'pro ana', 'proana']",['adorable']
"['ed', 'skinny', 'ana', 'thinspo', 'proana', 'pro ana']",['great meal and you look great']
"['ed', 'thinspo', 'skinny', 'ana', 'pro ana', 'proana']",['adorable']
